userId,id,title,completed
1001,1,"Lorem ipsum dolor sit amet",false
1001,2,"consectetur adipiscing elit",false
1002,3,"sed do eiusmod tempor incididunt ut labore et dolore magna aliqua",true
1001,4,"Ut enim ad minim veniam",false
1002,5,"quis nostrud exercitation ullamco laboris nisi ut aliquip ex ea commodo consequat",false
1002,6,"Duis aute irure dolor in reprehenderit",true
1001,7,"Sed ut perspiciatis unde omnis iste natus error sit voluptatem accusantium doloremque laudantium",false
1003,8,"At vero eos et accusamus et iusto odio dignissimos ducimus qui blanditiis praesentium voluptatum deleniti",true
1002,9,"Atque corrupti quos dolores et quas molestias excepturi",true
1001,10,"Sint occaecati cupiditate non provident, similique sunt in culpa qui officia",false
1002,11,"Deserunt mollitia animi, id est laborum et dolorum fuga",false
1001,12,"Et harum quidem rerum facilis est et expedita distinctio",true
1003,13,"Nam libero tempore, cum soluta nobis est eligendi optio cumque nihil impedit",true
1001,14,"Quo minus id quod maxime placeat facere possimus",false
1002,15,"Omnis voluptas assumenda est, omnis dolor repellendus",true